body,sentimento
"Milei comunica líderes dos Brics que Argentina não fará parte do bloco de países emergentesCaso aceitasse o convite, a adesão formal da Argentina ocorreria a partir de 1º de janeiro de 2024",0
Macan elétrico tem 611 cv e chega ao Brasil em 2024‘Autoesporte’ foi até a Alemanha para conferir todos os detalhes da nova geração do carro mais vendido pela marca alemã no mundo,0
Impressão 3D em concreto deve elevar automação das obrasMão de obra escassa e ganhos ambientais estimulam pesquisa e adoção da tecnologia,0
"Prévia da inflação assusta em dezembroIPCA-15 avança 0,40% e fecha 2023 em 4,72%, dentro do teto da meta mas sinaliza pressão",0
Cidade mais nova do Brasil nasce rica em MT e vira consultora de separatistasBoa Esperança do Norte deverá se tornar em poucos anos em uma das mais ricas cidades do agronegócio no Estado,0
"Novo instrumento financeiro pode contribuir com urgência climática e desigualdade social
O chamado blended finance é uma mistura de capital não-reembolsável, de filantropia ou fundos públicos, com capital privado que visa lucro",0
"""Estou ansioso para ver o que o Ano Novo reserva para mim"", diz robô do GoogleNewsletter de Inteligência Artificial do Valor destaca o que foi mais importante em 2023 e projeções para 2024",0
Garantir estudos futuros para os filhos vira presente de fim de anoPais criam mecanismos para poupar e ajudar no financiamento da graduação e escolha profissional,0
"Brasil tem recorde de produção de petróleo e gás em novembro, diz ANPProdução de petróleo subiu 3,8% na comparação com outubro, e a produção de gás natural aumentou 6,3%",0
"Regulamentação do mercado de carbono é um passo concreto para a descarbonização do país
Neste artigo, Plínio Ribeiro é CEO da Biofílica Ambipar, pontua diferenças entre mercados regulado e voluntário e como o mercado de carbono pode contribuir com a transição energética
",0
Ceticismo com rating prevalece apesar de melhoraElevação no rating do país foram vistas como um rebalanceamento e não início de trajetória ascendente,0
Cartas de Leitores,0
Cartas de Leitores,0
Cartas de Leitores,0
Cartas de Leitores,0
"A EIG, dos Estados Unidos, compra a Ocyan por R$ 1,8 biCredor da Novanor (antiga Odebrecht), então controladora da Ocyan, BNDES receberá os recursos da transação",0
"Investimento em 2024 será para atualizaçãoRecursos ficaram muito tempo represados, dizem diretores financeiros ouvidos pelo Ibef-SP",0
"Juro em queda e novas normas aproximam dados de BC e SecexPara economistas, redução da diferença nos números torna as já favoráveis projeções ainda mais confortáveis",0
"EIG compra a Ocyan por R$ 1,8 bilhãoBNDES é um dos principais credores da Novanor (antiga Odebrecht), então controladora da Ocyan, e receberá os recursos da transação",0
"Mudanças climáticas têm efeitos na inflaçãoNeste ano, relatórios e discursos de autoridades monetárias de diferentes países, inclusive do Brasil, apontaram preocupação com o tema",0
Juros futuros acompanham dinâmica dos títulos dos EUA e voltam a cair,0
Curtas,0
Curtas,0
Curtas,0
Curtas,0
Curtas,0
Curtas,0
Curtas,0
Curtas,0
Curtas,0
Curtas,0
Curtas,0
Curtas,0
"Ullisses Assis renuncia ao cargo de diretor-presidente da BB Seguridade; André Haui é indicadoAté que o novo eleito assuma, o conselho indicou Rafael Augusto Sperendio, diretor de finanças e de relações com investidores, para exercer a direção-geral de forma interina",0
"BNDES atinge recorde de operações no setor de infraestrutura em 2023 As aprovações para projetos de transportes, logística, mobilidade e saneamento devem fechar o ano em R$ 37,5 bilhões, um crescimento de 8,4% comparado a 2022",0
"Juros futuros caem em dia de liquidez reduzida de negóciosNo radar dos agentes está a queda nas projeções de inflação e de Selic no boletim Focus, bem como o anúncio de medidas de arrecadação a ser divulgado pelo ministro da Fazenda, Fernando Haddad",0
"Bilionário Marcel Telles, da 3G Capital, entrega participação na AB InBev para filhoA participação de Telles na AB InBev, que ele ajudou a construir por meio de uma série de negócios com seus sócios Jorge Paulo Lemann e Carlos Sicupira, vale cerca de US$ 6,1 bilhões, Bloomberg Billionaires Index",0
"Agenda de empresas: Suzano compra terras em MS por R$ 1,83 bilhão A Suzano fechou a compra de cerca de 70 mil hectares de terras em Mato Grosso do Sul, por R$ 1,83 bilhão",0
"À frente da Amil, Júnior terá de redesenhar o negócio para ter lucroReestruturação da companhia, segundo fontes de mercado, passa por venda de hospitais e maior verticalização de planos da operadora",0
Transição verde exige mais recursos do setor privadoEspecialistas veem necessidade de redirecionar dinheiro alocado em fontes fósseis,0
"Governo avança sem mitigar resistências do antilulismoIndicadores econômicos melhoram em 12 meses, mas a popularidade do presidente esbarra no muro da polarização e na resiliência da direita no país",0
"Lula faz balanço do primeiro ano de governo, pede união e diz esperar ‘colheita generosa’ em 2024Em pronunciamento em rede nacional na véspera de Natal, presidente cita perspectiva de crescimento econômico e pede união ao citar atos golpistas de 8 de janeiro",0
" Retrospectiva 2023: Público voltou aos teatros neste ano Sucessos de bilheteria e temporadas sustentáveis marcaram o período  pós-pandêmico nos palcos
",0
"Agenda de mercados: IPCA-15 movimenta semana pós-Natal
",0
"Taxas de juros fecham perto da estabilidade, em linha com exterior ",0
Febraban diz que teto de juros no rotativo é ‘solução temporária’ e não resolve problema de taxas elevadasEntidade afirma que seguirá buscando soluções para o reequilíbrio do principal instrumento de financiamento do consumo no Brasil,0
"Kora Saúde vende quase R$ 200 milhões em recebíveis a bancosSegundo a empresa, as operações tiveram por finalidade otimizar a administração do caixa, buscando assegurar sua posição financeira",0
‘Seca’ de IPOs drena receita de bancos de investimentoCifra cai 27% em ano marcado por ambiente de juros altos e ausência de ofertas,0
GHT4 se une à Loyall Capital e chega a R$ 4 biGestora de fortunas formada por empresários e banqueiro conhecidos passa a ter famílias fora do grupo original,0
Lula recebe ministros na Granja do Torto e presidente do BC está entre os convidadosAmbos começaram a se aproximar depois que o Comitê de Política Monetária (Copom) iniciou uma sequência de quatro cortes seguidos na taxa básica de juros (Selic),0
"Taxas fecham em leve alta, com ajuste, exterior, Campos Neto e leilão",0
"Massa falida do Banco Santos assina acordo de R$ 120 milhões com Grupo Veríssimo A disputa durava mais de 15 anos e o grupo era o segundo maior devedor do banco, após a montadora Caoa",0
BC: Crescimento do Brasil tem a ver com incorporação de mão de obraBC diz que crescimento do PIB tem pouco a ver com aumento da produtividade ,0
" Retrospectiva 2023: No Brasil, tentativa de golpe, desastres ambientais e onda de calorNo futebol, o ano foi de quebras de tabu nos gramados e intervenções na CBF",0
Remuneração variável é usada para atrair economistas-chefesEconomistas-chefes têm ganhos compatíveis com os de um diretor,0
"Clima extremo atrai publicidade a serviços de meteorologiaClimatempo obtém 40% de sua receita com anúncios, enquanto a rival Meteum, no país desde 2022, alcança 30% e segue em crescimento",0
"Veja o que pensam economistas otimistas com PIB do Brasil em 2024Desde 2020, a surpresa acumulada de crescimento da economia brasileira foi de 5,4 pontos percentuais, estima Bradesco",0
"Elevação do rating mostra que Brasil ‘acertou a mão’ na economia, diz Febraban Federação dos bancos fala em ""fruto de um trabalho sério e focado do ministro da Fazenda, Fernando Haddad, do presidente do Banco Central, Roberto Campos Neto, e do Congresso Nacional""",0
"Após rali, juros futuros rondam ajustes e aguardam votações no CongressoImportantes instituições financeiras no ambiente doméstico seguem revisando para baixo suas estimativas para a taxa Selic em 2024, fato que também é monitorado pelos agentes de mercado",0
"'Espero que seja um comunista do bem’, diz Lula sobre Dino no STFPresidente diz que futuro ministro do STF ficará no Ministério da Justiça até 8 de janeiro",0
BC vê inflação dentro do esperado e segue com distensão gradualCopom eleva estimativa do impacto do El Niño nos preços e cita possível excesso de demanda em relação à oferta,0
"Não existe parcelado sem jurosQuando é cobrado o mesmo valor à vista ou em parcelas, os juros já estão incluídos no preço",0
"‘Temos visto melhora consistente da inflação’, diz Campos NetoPara Campos Neto, 2023 foi um ano ‘que teve algumas surpresas positivas’",0
"Taxa de juros real basicamente caiu igual à Selic, diz Campos NetoSegundo o presidente do BC, em relação à média histórica, os juros reais “estão bem mais baixos”",0
Campos Neto ressalta melhora consistente da inflação no Brasil Presidente do BC ainda afirmou que 2023 “foi um ano que teve algumas surpresas positivas”.,0
"Empresas brasileiras distribuem R$ 224,2 bi em proventos em 2023; Veja a listaO volume total de proventos mostra que as incertezas macroeconômicas e geopolíticas, assim como fatores internos, mudaram a filosofia das companhias, que buscaram reter caixa, reduzindo a distribuição",0
Livelo e Banco Industrial do Brasil fecham parceria e possibilitam transferência de pontosCada ponto BIB transferido para o programa de recompensas equivale a 1 ponto Livelo e os pontos serão creditados em até 48 horas,0
"Evento em Belém, em 2025, pode ampliar foco na florestaCapital paraense se prepara para sediar o debate sobre transformação da economia para enfrentar a crise climática",0
"Rastreabilidade ainda é desafio da pecuáriaOs animais rastreados hoje são os que estão indo para a exportação, cerca de 2,9 milhões de cadastrados no Sisbov",0
Projeto bilionário para a AmazôniaArco da Restauração pretende recuperar 24 milhões de hectares e criar bases para o desenvolvimento do setor,0
"Planejamento urbano começa a incorporar os riscos climáticosCresce movimento de grandes cidades pela redução de emissões de CO2, aumento de áreas verdes e sistemas de monitoramento e alerta de desastres naturais",0
Perdas por desastres chegam a US$ 295 biProdutos contra eventos climáticos extremos ganham espaço no portfólio das seguradoras,0
"Ainda limitado no Brasil, investimento com foco ESG avançaCerca de R$ 10,5 bilhões estão alocados em 59 fundos sustentáveis e 30 fundos que integram em suas estratégias fatores ESG",0
Financiamento para uso da terra pode favorecer o BrasilPaíses tropicais buscam recursos para manter florestas e procuram conciliar esforço com aumento da produção de alimentos,0
Destaques,0
Destaques,0
Destaques,0
Destaques,0
OCDE destaca inflação em queda e juro real elevado,0
"Criteria adquire três escritórios e atinge R$ 10 bi sob assessoriaCom movimento, grupo que tem contrato de exclusividade com a XP fortalece private, ganha mesa de agro e presença regional",0
Investimento baixo e cenário sepultam tese do PIB potencial maiorResultados recentes levam grupo de economistas a considerar que país pouco avançou na capacidade de crescer sem pressionar a inflação,0
"“Estou no varejo onde eu posso, nas revendas de automóveis”, diz KleinMaior acionista individual da Casas Bahia, Michael diz que não tem intenção de voltar ao conselho e quer se concentrar em seus negócios",0
Fantasmas que assustam Lula neste Natal,0
Diretor do BNDES rebate CEO da Azul sobre financiar aéreas de estrangeirasO dirigente afrima que o banco aguarda as conversas acerca do uso do Fundo Nacional de Aviação Civil (FNAC) para conseguir uma saída e liberar linhas de capital de giro às aéreas brasileiras,0
"Mudanças climáticas já afetam infraestrutura do Brasil e prejudicam crescimento, aponta OCDEInstituição cita estudo de 2021 do Banco Mundial que afirma que esses eventos diminuem o PIB em 1,3% atualmente",0
Justiça Federal garante a produtor rural direito de receber seguro agrícola Valores referentes a duas safras deverão ser pagos pelo Banco Central a um produtor de soja,0
"Juros futuros avançam em prazos longos, acompanhando TreasuriesOs investidores também aguardam a divulgação do Relatório de Inflação, que, junto com a ata, pode orientar apostas para a sequência do ciclo de afrouxamento monetário no país",0
"O que existe de fraude é muito mais do que a gente vê, diz Eliseu MartinsEspecialista em contabilidade diz que caso Americanas foi uma armação grosseira, mas feita com eficiência",0
"Safra recua e aceita plano da AmericanasVarejista conta agora com apoio de nove instituições financeiras, que reúnem quase R$ 22,5 bilhões das dívidas, ou 53% do total, segundo cálculos feitos pela reportagem do Valor",0
Pisa mostra ‘fosso’ na formação de mão de obra no paísBaixo desempenho de estudantes do Brasil obriga empresas a investir mais em qualificação e reforça a necessidade de melhora do ensino médio,0
Disputa põe em risco projeto de banda larga no PiauíGoverno estadual alega que concessionária não presta informações necessárias,0
"América Latina deve continuar numa dinâmica de baixo crescimento em 2024Cepal projeta que PIB da América Latina crescerá 1,9%, contra média de 2,9% da economia global e de 4% dos emergentes e países mais pobres",0
"IBGE mostra Brasil com inflação e desemprego menores e crescimento acima do esperado em 2023, diz Pochmann",0
"Safra recua e adere ao plano de recuperação judicial da AmericanasEmpresa, agora, conta com apoio de nove instituições financeiras – o que perfila 53% dos bancos, sem considerar nesse cálculo os debenturistas",0
Resultados no Pisa evidenciam desafios na formação de mão de obra no paísBaixo desempenho de estudantes do Brasil  obriga empresas a investir mais em qualificação e reforça a necessidade de melhora do ensino médio,0
"Povo argentino precisa da nossa amizade, diz Haddad sobre empréstimoArgentina vai receber US$ 960 milhões do CAF, o banco de desenvolvimento da América Latina e Caribe",0
"Governo Lula apoia empréstimo de banco para Argentina em aceno pragmático a MileiO crédito evitará que a Argentina entre em uma situação de inadimplência com o FMI, abrindo caminho para eventual renegociação",0
"Aeroporto para disco voador, obrigação de cantar o hino nacional em fá maior: quais as leis mais ‘absurdas’ do BrasilDe especialistas e executivos em diversos segmentos ao cidadão comum, não faltam experiências com os obstáculos impostos pela burocracia e suas leis",0
"A trajetória da estilista alagoana que venceu preconceitos e conquistou celebridades como Ivete Sangalo e Sofia VergaraAos 61 anos, Martha Medeiros lança biografia e diz viver sua ‘segunda encarnação’",0
"Abra, controladora das aéreas Gol e Avianca, tenta avançar em renegociação de dívidaReestruturação de R$ 20,2 bilhões é assessorada por Seabury Capital, Skyworks e Rothschild",0
"iX5 Hydrogen é elétrico a gás que resolve dois problemas, e cria outroA nova tecnologia é uma das saídas para a mobilidade limpa, mas ainda há questões pendentes antes que a solução possa ser adotada de forma massificada",0
"Desvalorização cambial na Argentina pode diminuir lucro do BB em 5%, diz Goldman SachsO BB tem uma fatia de 80% no Banco da Patagônia e com a desvalorização de 50% do peso argentino, o lucro do Patagônia seria reduzido em cerca de 5%, calcula o Goldman Sachs",0
"BNDES assina contrato para modelar concessão de 2,4 mil quilômetros de rodovias em Minas GeraisRodovias fazem parte da terceira rodada do programa de concessão de rodovias estaduais e estão localizadas nas regiões do Vetor Norte, da Zona da Mata e do Noroeste mineiro",0
"Gol espera conseguir linha de crédito ainda em 2023 para financiar manutenção de turbinasSegundo Ferrer, a meta de linha é de US$ 200 milhões para financiar manutenções a serem feitas no Brasil",0
"Haddad defende nova globalização, com base em preocupações socioambientaisMinistro falou na abertura da trilha financeira do G20, liderada pela Fazenda; segundo ele, o Brasil ""assume a presidência do G20 com otimismo, mas também com senso de realismo e pragmatismo""",0
"Juros futuros se afastam das mínimas, com agentes monitorando agenda econômica no CongressoMovimento de realização de lucros foi disparado pela derrota do governo na matéria da desoneração da folha de pagamentos",0
Comparação entre fundos ficará mais fácilCompartilhamento de dados exigirá uma dupla autorização de instituições e dos investidores,0
"No G20, Lula propõe taxa global para desenvolvimento sustentávelPresidente reafirma intenção de debater inclusão social e combate à fome e à pobreza, promoção do desenvolvimento sustentável e a reforma das instituições de governança global",0
"Vale a pena comprar peso argentino antes da viagem? EntendaA Argentina, em razão de sua crise econômica, se tornou sinônimo de viagem barata para os brasileiros ",0
Bradesco BBI diz que ‘o gigante precisa descansar’ e rebaixa recomendação para BB (BBAS3)Analistas citam riscos vindos da Argentina e El Niño,0
"BC cita 'moderação' e planeja outros cortes de 0,50 na Selic nas próximas reuniõesCom o último corte, a taxa foi para 11,75% ao ano",0
"Sinais 'dovish' do Federal Reserve derrubam juros futurosInvestidores retiraram prêmios de risco embutidos nas curvas globais e, no Brasil, as taxas chegaram a recuar aproximadamente 30 pontos-base em vértices intermediários",0
"Críticas do governo à responsabilidade fiscal são 'problema muito sério', diz ArminioEx-presidente do BC afirma que esperava mais do governo Lula, especialmente na economia",0
Justa emitirá 1º cartão de fintech da Amex para PJO projeto será feito em parceria com a CSU Digital,0
"Parcelamento contestado pela Febraban foi oferecido por anos pela CieloModelo é antigo no mercado e adotado por diferentes credenciadoras, inclusive as ligadas aos bancos",0
"Inadimplência de ‘bonds’ brasileiros é a maior em 7 anosJ.P. Morgan calcula que emissores do país fecharão ano com default de 8,8%, mas especialistas esperam melhora em 2024",0
"Economia argentina, convite à reflexãoMais uma vez a Argentina votou pela promessa do liberalismo extremo, cujas experiências no passado terminaram em caos macroeconômico",0
"Inadimplência alta em emissões internacionaisDados do J.P. Morgan mostram que a falta de pagamento de títulos privados brasileiros no exterior deve encerrar 2023 em 8,8%; para 2024 a previsão de especialistas é de melhora no cenário ",0
"Lula diz que economia não vai decepcionar em 2024, e que expansão é decisão política, não fiscalPresidente fez afirmações ao citar como exemplo de supostos obstáculos ao crescimento a Lei de Responsabilidade Fiscal (LRF) e o déficit no orçamento",0
"Congresso pressiona governo por derrubada de vetosProposta dos parlamentares inclui, em troca, aprovar a MP das subvenções ",0
Rui Costa e Tarcísio anunciam investimento de R$ 10 bilhões para obras de mobilidade em SPProjetos para ampliar o metrô de São Paulo e ter um trem de média velocidade até Campinas estão no PAC,0
"Bancos públicos financiaram R$ 56 bi a Estados e municípios para infraestrutura no anoAnúncio de números do BNDES, BB e Caixa foi feito em evento no Palácio do Planalto com a presença de Lula, ministros e governadores",0
"Jobim, da Legacy, diz que juro é grande aposta e vê Selic a 8,5%Gestora destaca composição benigna da inflação e o ambiente externo mais ameno ",0
"Lula reúne cúpula política de Alagoas para discutir rompimento de mina da BraskemLira, Renan, prefeito de Maceió e governador do Estado estarão hoje no Palácio do Planalto",0
Conferências do clima da ONU são endereços certos para informarParticipação nos fóruns onde são debatidos os grandes temas relacionados às mudanças climáticas complementa esforços para minimizar impactos ambientais e sociais ,0
"Causas sociais ocupam eventos culturais e esportivosAtividades que reúnem multidões, festivais e competições são estratégicas para associar marcas a temas como sustentabilidade e inclusão social",0
Honda se prepara para seca no Norte e cresce 12% no ano,0
"Discurso do governo foi pior que resultado prático, diz Luiz Fernando FigueiredoEx-diretor do Banco Central, Luiz Fernando Figueiredo não vê a política fiscal como sustentável, mas pondera que que o país foi atrás de novas receitas",0
"Garantias para créditos de Estados e municípios quase triplicamAté agosto, aval do Tesouro supera R$ 17,4 bilhões, valor maior que o de 2022 inteiro",0
"Meta desde 2014, Brasil estará longe de acabar com lixões até 2024",0
"Rio vai questionar no STF se União pode cobrar juros dos Estados, diz Castro Segundo o governador do Rio, é impossível falar do Regime de Recuperação Fiscal (RRF) sem discutir o pagamento de juros",0
Santander faz parceria com Stellantis e vai ofertar seguros em concessionárias da FiatO lançamento da parceria prevê seguros anuais para os modelos líderes em vendas da marca,0
Tese sobre juros consagra Atlas vencedora do desafio de gestão do SafraCarteira da asset fictícia entregou 126% do CDI de agosto a novembro em competição universitária,0
PT conclui texto com críticas ao ajuste fiscal defendido por HaddadConsta no texto-base que o Brasil precisa 'se libertar' do 'austericídio fiscal',0
"El Loco MileiO discurso anarcocapitalista foi bom na campanha, mas para governar Milei vai precisar de ortodoxia e imaginação",0
"De Caiado a Zelenski, veja quem vai à posse de Milei na ArgentinaO Brasil será representado oficialmente pelo chanceler Mauro Vieira",0
"2024 pode ser ano do luxo no BrasilOnda de inaugurações, ampliação da presença de grifes e serviços de padrão internacional posicionam país na dianteira das apostas do setor na América Latina",0
"Monte Bravo já reúne R$ 3 bi em gestora de fortunasCom custódia de cerca de R$ 35 bilhões, é na própria base dos assessores de que a casa busca clientes para essa frente de negócios",0
O equivocado uso das estatais pelo governoAs companhias tendem a ser utilizadas como braços do governo para a execução de políticas públicas,0
"AntiTesla, i5 chega ao país em 2024 com quase 600 cvSedã elétrico derivado do Série 5 acelera de 0 a 100 km/h em 3,8 s e chega a 250 km/h",0
Milei começa sua aposta no tudo ou nadaPosse de argentino terá Jair Bolsonaro,0
‘Pouso suave’ com arte e um pouco de sortePara conseguir ter juros mais baixos é preciso ter uma situação fiscal mais arrumada,0
"Projeto de lei nos EUA sobre Amazônia trata de criminalidade, investimento e China",0
"Brasileiros ainda não sacaram R$ 7,52 bilhões de valores a receberAté agora, o Sistema de Valores a Receber (SVR) devolveu R$ 5,31 bilhões de um total de R$ 12,83 bilhões postos à disposição pelas instituições financeiras",0
"Sabesp só deve ser privatizada em julho de 2024; veja passo a passoO estudo do IFC (International Finance Corporation), braço do Banco Mundial que preparou os modelos de privatização da Sabesp, mostra que o cronograma da oferta de ações pode se estender por seis meses.",0
"Febraban pede ao BC punição de credenciadoras independentes por 'parcelado sem juros pirata’ De acordo com a entidade, denúncias apontam práticas de eventuais operações “irregulares e fictícias, por meio das quais essas empresas estariam cobrando, de forma dissimulada, juros dos consumidores”",0
Ex-mulher e filhos de Pelé lançam banco digital de criptomoedas com pastor e empresáriosJanBank focará na conversão de moedas digitais para pagamento e doará 10% das receitas para ações sociais,0
Fundos imobiliários planejam captaçãoHá cerca de R$ 16 bilhões em ofertas de cotas represadas,0
"Brasil tem a melhor oportunidade cíclica do mundo, diz Global X",0
"BNDES não pode ficar a ‘pão seco sem mortadela’, diz LulaPresidente estimula banco a ‘pedir dinheiro’ para Haddad",0
"Pobreza cai no país, mas ainda atinge 67,8 milhõesMetade dos jovens entre 15 e 29 anos dos domicílios mais pobres não estudava nem trabalhava em 2022, aponta IBGE",0
"Endividamento dos governos sobe pelo 4º mês e é o maior em um anoDívida bruta alcançou 74,70% do PIB em outubro, segundo dados divulgados pelo Banco Central",0
"‘Inflação do PIB’ reduz dívida do país no curto prazoRelação entre endividamento e PIB cai com alta do PIB nominal, mas trajetória crescente segue inalterada e precatórios são desafio",0
Lula estimula BNDES a ‘pedir dinheiro’ para Haddad e não ficar ‘comendo pão seco com mortadela’O presidente afirmou nesta quarta-feira (6) que o governo tem a obrigação de “arrumar dinheiro e fazer esse país crescer”,0
"Após vitória de Milei, Brasil vê governo Fernández ‘tirar o pé’ sobre acordo Mercosul-UE De acordo com interlocutores do Itamaraty, a gestão argentina começou a implicar com detalhes do acordo nas últimas semanas",0
"Quase metade das crianças de até 14 anos no Brasil são pobres, revela IBGE Segundo o instituto, pobreza no Brasil é mais intensa entre crianças, pretos e pardos e nas regiões Norte e Nordeste",0
"Dólar recua e diferencial de juros beneficia realMoeda americana também se deprecia frente a outros pares da América Latina, como os pesos chileno e mexicano",0
"Após perder eleição, Sergio Massa não irá à reunião do Mercosul no RioMInistro da Argentina se junta ao do Brasil, Fernando Haddad, na ausência do encontro",0
"Aura Minerals obtém financiamento para iniciar projeto Borborema, no RNAcordo com a Gold Royalty vai garantir o empréstimo de US$ 31 milhões para a construção do projeto",0
"No relativo, Brasil está atrativo para investidores estrangeiros, aponta BNPPara executivos do banco, emissões sustentáveis ainda têm demanda fraca no país",0
"Tese de PIB potencial maior perdeu fôlego, defende economistaMarcela Rocha, da Principal Claritas, afirma que quarto trimestre seguido de queda do investimento coloca ideia em xeque",0
"Febraban insiste que Lupi prejudica aposentados com redução do teto do consignado Associação diz que a conduta do ministro “em nada dialoga com os esforços da equipe econômica do governo, que vem adotando várias medidas corretas para melhoria do ambiente de crédito no país”",0
"‘Tudo pode ser sempre reconsiderado durante a reunião’, diz CamposPresidente do BC disse que houve uma mudança “marginal” no cenário externo e no ambiente doméstico a inflação “está convergindo” para o que o BC espera ",0
"Brasil cai na avaliação do Pisa 2022 e segue entre os pioresPara especialistas, era difícil esperar resultado pior, já que alunos vinham de desempenho muito baixo",0
"Empiricus fecha corretora e volta a focar em análiseFelipe Miranda, sócio-fundador, passa a ser estrategista-chefe de Research",0
"BNDES aprova R$ 230 milhões para apoio a projetos de biometanoGás será produzido a partir de subprodutos do álcool, do açúcar e da decomposição de matéria orgânica de aterro sanitário localizado na cidade paulista de Caieiras",0
Acordo com estatal trava e Sete Brasil pode ir à falênciaA empresa aguarda decisão do conselho de administração da Petrobras a respeito de uma proposta que começou a ser negociada em 2021,0
"Enfrentamento da crise climática exigirá US$ 2,4 trilhões ao anoEstudo mostra que esta é  necessidade de financiamento para países emergentes e em desenvolvimento, excluindo a China ",0
"BNDES capta R$ 611 milhões com banco alemão para mobilidade e meio ambienteProjetos apoiados deverão demonstrar uma redução significativa nas emissões de CO2 e gases de efeito estufa, além de promover a inclusão social",0
A nova ‘verdade inconveniente’É praticamente impossível limitar o aquecimento planetário nos patamares propostos pelo Acordo de Paris,0
Mulheres têm menos acesso a imóveis em SPBarreiras no trabalho e no crédito comprometem aquisições do público feminino,0
China passa Brasil e lidera venda de veículos na ALPaís também perdeu o posto para o México nas vendas externas para Argentina; Anfavea está atenta e acende sinal de alerta,0
"Marketing: Quais são as estratégias dos 3 executivos indicados ao Caboré deste anoAlta de 10% nos investimentos em compra de espaço publicitário no primeiro semestre refletiu, principalmente, o retorno a grandes eventos presenciais.",0
BNDES assina parceria com Banco Mundial para indústria de baixo carbonoAs instituições assinaram memorando de entendimento para desenvolver mecanismos financeiros e apoiar projetos voltados à cadeia de hidrogênio de baixo carbono,0
Preso em SP  'engenheiro' do crime que virou filme 'Assalto ao Banco Central' O furto à sede do BC na capital do Ceará ocorreu nos dias 5 e 6 de agosto de 2005 e é considerado o maior registrado a um banco na história recente do Brasil,0
"Padilha: ‘Já fizemos muito mais do que previam’ na pauta econômicaGoverno Lula ainda tem vários temas pendentes no Congresso, como a aprovação da reforma tributária, e corre contra o tempo para concluir as votações ",0
"BNDES assume Coalizão Verde, que deve movimentar até US$ 20 bilhões para AmazôniaGrupo é uma união inédita entre o BNDES e 17 bancos públicos de fomento dos países da bacia amazônica, em parceria com BIG=D, Banco Mundial e CAF",0
"Não há relação mecânica entre o ambiente externo e o Brasil, diz Guillen sobre inflaçãoDiretor do BC ressaltou que a inflação cheia está em queda e que os núcleos também estão caindo",0
"AMG G63 é carro de luxo de R$ 1,8 milhão que vai bem no 4X4 e acelera como um esportivoModelo prova que é possível ter quase tudo o que se espera de um automóvel",0
"Megane elétrico mostra que, do antigo, só ficou o nomeMegane elétrico mostra que, do antigo, só ficou o nome",0
Onde achar presentes que ajudam quem mais precisaInstituições e empresas vendem produtos cuja renda banca projetos sociais,0
"Justiça extingue ação trabalhista dos irmãos fundadores da KabumA defesa dos fundadores da KaBuM deve recorrer, por entender que o caso deve ser tratado na Justiça do Trabalho. O contrato entre Kabum e a dupla seguia a CLT",0
"Com imagem arranhada, Americanas vai atrás do ‘cliente torcedor’Confiança do consumidor encolhe e a intenção de compra também ficou menor neste ano",0
Agenda de empresas: Diretoria da Cemig diz que não participa de conversas para federalização,0
"TRT decide que programa de trainees só para negros do Magazine Luiza não é discriminatórioDecisão, tomada ontem pelos desembargadores, manteve sentença favorável à varejista",0
"Bonificações a fornecedor voltam a assombrar investidorPara analistas, erros contábeis são golpe na confiança do investidor",0
"Houve falhas no processo de bonificação da Magazine Luiza, diz Frederico TrajanoCompanhia registrou erros contábeis de R$ 829,5 milhões, divulgados juntamente com os resultados; auditoria fez ressalva no relatório sobre balanço ",0
"Auditoria fez ressalva no balanço do Magazine Luiza, após erros contábeisAuditor diz em parecer que serão necessários procedimentos adicionais e extensivos de auditoria para concluir sobre a adequação dos valores decorrentes da correção de erros",0
Magalu corrige balanço e discute capitalizaçãoErro foi identificado após denúncia anônima feita em março à auditoria a EY,0
"Magazine Luiza lucra R$ 331,2 milhões no trimestre com reconhecimento de créditos tributários",0
Americanas adia novamente divulgação das demonstrações financeiras de 2021 e 2022,0
"GDSun inaugura usina solar na Bahia para abastecer lojas do Magazine LuizaCom 3 megawatt-Pico (MWp) de capacidade instalada, a planta demandou R$ 17,6 milhões em investimentos e vai atender um acordo de autoprodução por arrendamento firmado com a varejista",0
"Brasil tem 'janela magnífica' de oportunidade até 2050, diz Miguel Setas Em livro recém-lançado, o presidente da CCR e executivo com mais de 25 anos de experiência no mercado conta, fala sobre como o Brasil pode ser protagonista no Novo Humanismo Ecológico ",0
"Magalu adere ao ‘Remessa Conforme’O projeto envolve ampliar a importação de outros mercados, como da China, e parceria com um operador logístico, que será responsável pela coleta, armazenamento e distribuição das remessas",0
Phytorestore muda comando e planeja expansãoEmpresa prevê dobrar tamanho em cinco anos e contratou Cristiane Schwanka como CEO,0
"Empresas procuram reduzir emissões nas entregasE-commerce tenta diminuir os quilômetros rodados e, consequentemente, as gases de efeito estufa",0
Brasil mostra potencial e tenta atrair capital ‘verde’ para negóciosExecutivos destacam potencial de energia renovável e soluções baseadas na natureza,0
Americanas confirma pedido à Justiça para suspensão de ação movida pelo Bradesco,0
"Correios têm plano de investir R$ 854 milhões do próprio caixaNo “Novo PAC”, os Correios planejam construir cinco novos centros operacionais, ao custo de R$ 380 milhões, em Brasília (DF), Fortaleza (CE), São Luís (MA), Belo Horizonte (MG) e Londrina (PR)",0
"Telefônica Brasil e TIM Brasil seriam impactadas com fim de juros sobre capital próprio, diz BTGO setor de telecomunicações seria um dos mais afetados pelo fim do instrumento, segundo o banco",0
"Magazine Luiza tem trimestre fraco e prejuízo mais que dobraCompanhia fecha centros de distribuição e demite, mas comando sinaliza expectativa de melhora com queda de juros",0
"Prejuízo da Magazine Luiza mais que dobra no 2º trimestreNa mesma base de comparação, porém, a receita ficou praticamente estável ",0
Amazon emite 14 mil cartões de crédito em 5 dias de lançamentoCartão é emitido pelo Bradesco em parceria com a Mastercard e oferece cashback de até 5% de volta nas compras feitas pelo site por clientes da categoria Prime,0
"Santander compra ‘marketplace’ de energia FIT e entra em geração distribuídaAquisição estende atuação do banco no mercado livre para o segmento de varejo, com oferta de fontes renováveis",0
"Fundadores da Kabum entram com arbitragem contra Magazine Luiza para desfazer vendaIrmãos alegam que supostos conflitos de interesse de seus assessores, e que envolveriam o Magalu, teriam sido prejudiciais à dupla",0
"Veja quais membros do ‘’Conselhão’  assinaram a carta aberta pedindo que o BC reduza os jurosO órgão consultivo foi reeditado pelo presidente Luiz Inácio Lula da Silva em março deste ano, após ter sido extinto pelo ex-presidente Jair Bolsonaro juntamente com outros órgãos em 2019",0
Brancos ainda são maioria na direção de companhias abertasEstudo da MZ Consult mostra que pretos e pardos não atingem nem 4% do total de administradores das empresas listadas no Brasil,0
"Manhã no mercado: Varejo é destaque em dia de valorização do dólar no exteriorSem grandes novidades na pauta no noticiário fiscal, novas indicações sobre o desempenho da atividade econômica podem guiar os ativos brasileiros, a depender da dinâmica dos mercados financeiros globais.",0
"Exterior pesa e ativos locais têm pregão de correçãoDólar sobe, mas segue abaixo de R$ 5; juros futuros têm alta e derrubam Ibovespa, mesmo com valorização de Petrobras",0
"Ação do Magazine Luiza (MGLU3) fecha em queda de quase 23% após balanço O balanço da empresa, divulgado ontem, mostrou que o prejuízo entre janeiro e março mais do que dobrou frente ao mesmo período de 2022, para R$ 391 milhões",0
"Repasse do Difal será maior no 2º trimestre, prevê Magazine LuizaCompanhia destacou que é necessário equilibrar o repasse da diferença entre a alíquota interna e a interestadual do ICMS para não perder participação de mercado",0
Empresários defendem reformas em primeira reunião do Conselhão com LulaAs declarações foram dadas na sessão inaugural do Conselho de Desenvolvimento Econômico Social Sustentável,0
"Governo define 242 integrantes do Conselhão; lista inclui Rei da Soja, médico de Lula e empresários",0
Ibovespa fecha em queda de mais de 2% com fiscal e números da ValeInvestidores afirmam ter dificuldades em enxergar viabilidade de execução do plano apresentado pelo governo ao Congresso,0
"Ibovespa tem queda firme, com pressão de Vale, exterior e arcabouço fiscalAções ligadas a commodities metálicas recuavam após relatório da mineradora e  petroleiras anotavam perdas, alinhadas à baixa dos preços do Brent no exterior",0
"Revista “Time” coloca Lula na lista das 100 pessoas mais influentes de 2023A compilação, feita anualmente e divulgada nesta quinta (13), mostra o petista na seção dedicada a líderes; ele figura ao lado do presidente dos EUA, do primeiro-ministro alemão e do mandatário da Colômbia",0
"Com juro alto e calote, oferta de crédito continua caindoO endividamento das famílias está ao redor de 49%, e o comprometimento da renda é de 27%",0
Fundadores da Kabum tentam nova ofensiva na Justiça,0
"Os bastidores do caso do MagaluSegundo fontes, há apuração em andamento pelo comitê de auditoria, riscos e compliance, e assessores externos independentes da Deloitte já foram contratados, além de escritórios de advocacia",0
"Presidente da CVM não comenta caso Magalu; até ontem, autarquia não tinha recebido consultas",0
"Magalu sai de lucro para prejuízo líquido de R$ 35,9 milhões no 4º trimestre de 2022",0
"Magazine Luiza inicia programa de recompra de até 40 milhões de açõesSegundo a empresa, a operação terá a duração total de 18 meses, se estendendo até agosto de 2024",0
"Americanas contrata Citi para avaliar venda de ativos e buscar outras opções financeiras Sócio da Alvarez & Marsal é o novo presidente da empresa, que já recebeu R$ 1 bi do trio de acionistas",0
"Tebet diz que reforma tributária ""nunca esteve tão madura"" como neste anoSegundo ministra, reforma não sai em menos de seis meses, mas governo não pode “dar prazo”",0
"Brasil perdeu o posto de melhor emergente, diz XPPara estrategista-chefe, outro país da América Latina se destaca como uma história sem tantos ruídos políticos",0
"Luiza Trajano volta à lista de bilionários da Forbes Empresária acumula patrimônio de US$ 1,1 bilhão e aparece na 50ª colocação do ranking nacional",0
"Americanas consegue liberar na Justiça R$ 1,2 bi bloqueado pelo BTGDesembargador determinou que os recursos “serão utilizados somente para a atividade fim e sob direta gestão dos administradores judiciais até o julgamento do mérito do mandado de segurança” impetrado pelo BTG",0
Via diz que todas as suas operações de risco sacado estão registradas nas demonstrações financeirasA varejista também informou que as despesas de juros são registradas no resultado da companhia como despesa financeira,0
"Rombo de R$ 20 bi põe cultura da 3G de volta à berlindaApontados como ‘midas’, Lemann, Telles e Sicupira estão com modelo de gestão sub judice",0
"Supermercado de calçados, Studio Z chega a R$ 1 bilhão de receita em 2022O faturamento bilionário é reflexo de ganhos de eficiência operacional, redução de custos e aumento de 9,5% das vendas de pares de calçados",0
Transportadores e varejo adotam planos para reduzir emissõesVeículos elétricos possuem uma pegada de carbono 90% menor que os que utilizam diesel,0
Ibovespa sobe com PEC da Transição desidratada e movimento técnico; dólar caiParlamentares do PT já reconhecem que o texto da proposta deve ser esvaziado para garantir uma aprovação na Câmara,0
Piora na percepção de risco faz Ibovespa apagar ganhos do anoJuros futuros voltam a subir com força em reação ao nome de Mercadante no BNDES,0
"Grifes investem em roupa para durarColeções de verão da SPFW têm peças sem estampas estridentes, mais elegantes e confortáveis",0
"Ibovespa encerra em queda com fiscal e China no radar, em sessão pouco líquida Índice recuou 0,18%, aos 108.782 pontos, com investidores acompanhando a tentativa de aprovação da PEC da Transição pelo governo eleito",0
Ibovespa tem leve alta com China e fiscal no radarPregão tem liquidez reduzida por conta do segundo jogo do Brasil na Copa do Mundo contra a Suíça,0
"Consumidor reclama, mas compra na Black Friday, segundo Procon-SPNo Reclame Aqui, que começou o acompanhamento das promoções na quarta (23), foram feitas 5.447 reclamações até a manhã desta sexta (25), frente a 5.678 no evento de 2021",0
Tribunais impedem cobrança de tributos sobre cargas roubadasDecisões garantem benefício fiscal concedido a exportadoras vítimas de roubo,0
Como é o mercado de  trabalho para as pessoas transMundo corporativo começa a adotar iniciativas para se tornar mais receptivo a pessoas que fizeram a transição de gênero,0
"Conheça as empresas responsáveis pelo maior número de bilionários no BrasilDa lista da Forbes deste ano, a WEG foi responsável por ter gerado o maior número de endinheirados do ranking: são 29 acionistas que, juntos, possuem R$ 60 bilhões",0
Competição se alastra e líderes perdem mercadoO relatório anual “300 Maiores Empresas do Varejo Brasileiro” foi desenvolvido pela Sociedade Brasileira de Varejo e Consumo (SBVC),0
"Magazine Luiza diz que ‘bolo’ deve crescer mais no 2º semestrePresidente da varejista, que reportou prejuízo no segundo trimestre, afirmou que a atenção deve se voltar, agora, para elevar a alavancagem operacional",0
"Fintech Mycon estreia em consórcios para o agroEmpresa quer ofertar R$ 500 milhões ao setor em 2022 e outros R$ 2 bilhões em 2023 para financiar compra de máquinas, equipamentos e terras",0
"Empresários do varejo encontram Lula nesta 4ª, ainda céticos sobre impostos e teto de gastosSerá a primeira reunião entre o ex-presidente e executivos do setor",0
New Era recebe US$ 700 milhõesFabricante americana de bonés vai ampliar rede de lojas no mercado brasileiro,0
"Veja os celulares compatíveis com 5G que estão em promoção no BrasilFabricantes, varejistas e operadoras de telefonia móvel aproveitaram a proximidade do Dia dos Pais para oferecer descontos em aparelhos, que vão de 10% a 51%",0
"Entrega rápida é grande apelo nos processos de vendaAmazon, Magalu e Mercado Livre aumentam os CDs e parcerias com terceiros",0
"Álbum da Copa do Mundo 2022 está mais caro e vira piada na internetNas bancas, o álbum custará por R$ 12 (tradicional) ou R$ 44,90 (capa dura), enquanto o pacote com cinco figurinhas cada custará R$ 4, o dobro do preço de 2018 (R$ 2)",0
‘Carnezinho gostoso’,0
Klein abre nova disputa contra a gestão da ViaDono de 10% da companhia critica remuneração da diretoria,0
Via volta ao holofote em momento crucial de emissão de dívida com CRICompanhia tenta concluir a emissão de uma dívida de R$ 500 milhões junto ao mercado de capitais,0
Amazon compra fatia da Total ExpressVarejista entra como sócia no negócio de logística do Grupo Abril,0
"Amazon adquire participação minoritária na Total Express, do Grupo AbrilA Total é focada na venda de serviços logísticos, especialmente no transporte ao comércio on-line",0
Metaverso: de que forma as empresas estão se beneficiando das novas oportunidades de negóciosA corrida está ganhando fôlego: só nos primeiros cinco meses deste ano foram investidos US$ 120 bilhões em tecnologias afins,0
Lula almoça com elite empresarial na Fiesp para discutir agenda econômicaEvento foi agendado pela campanha do ex-presidente,0
"Livelo, empresa de fidelidade de Bradesco e BB, tem lucro de R$ 1 bilhão em 2023Companhia tem 45 milhões de clientes e registrou receita de R$ 5,4 bilhões no ano passado",0
"Livelo, empresa de fidelidade de Bradesco e BB, tem lucro de R$ 1 bilhão em 2023Companhia tem 45 milhões de clientes e registrou receita de R$ 5,4 bilhões no ano passado",0
"Livelo, empresa de fidelidade de Bradesco e BB, tem lucro de R$ 1 bilhão em 2023Companhia tem 45 milhões de clientes e registrou receita de R$ 5,4 bilhões no ano passado",0
"Livelo, empresa de fidelidade de Bradesco e BB, tem lucro de R$ 1 bilhão em 2023Companhia tem 45 milhões de clientes e registrou receita de R$ 5,4 bilhões no ano passado",0
"Livelo, empresa de fidelidade de Bradesco e BB, tem lucro de R$ 1 bilhão em 2023Companhia tem 45 milhões de clientes e registrou receita de R$ 5,4 bilhões no ano passado",0
"Livelo, empresa de fidelidade de Bradesco e BB, tem lucro de R$ 1 bilhão em 2023Companhia tem 45 milhões de clientes e registrou receita de R$ 5,4 bilhões no ano passado",0
"Livelo, empresa de fidelidade de Bradesco e BB, tem lucro de R$ 1 bilhão em 2023Companhia tem 45 milhões de clientes e registrou receita de R$ 5,4 bilhões no ano passado",0
"Livelo, empresa de fidelidade de Bradesco e BB, tem lucro de R$ 1 bilhão em 2023Companhia tem 45 milhões de clientes e registrou receita de R$ 5,4 bilhões no ano passado",0
"Livelo, empresa de fidelidade de Bradesco e BB, tem lucro de R$ 1 bilhão em 2023Companhia tem 45 milhões de clientes e registrou receita de R$ 5,4 bilhões no ano passado",0
"Livelo, empresa de fidelidade de Bradesco e BB, tem lucro de R$ 1 bilhão em 2023Companhia tem 45 milhões de clientes e registrou receita de R$ 5,4 bilhões no ano passado",0
"Livelo, empresa de fidelidade de Bradesco e BB, tem lucro de R$ 1 bilhão em 2023Companhia tem 45 milhões de clientes e registrou receita de R$ 5,4 bilhões no ano passado",0
"Livelo, empresa de fidelidade de Bradesco e BB, tem lucro de R$ 1 bilhão em 2023Companhia tem 45 milhões de clientes e registrou receita de R$ 5,4 bilhões no ano passado",0
"Livelo, empresa de fidelidade de Bradesco e BB, tem lucro de R$ 1 bilhão em 2023Companhia tem 45 milhões de clientes e registrou receita de R$ 5,4 bilhões no ano passado",0
"Livelo, empresa de fidelidade de Bradesco e BB, tem lucro de R$ 1 bilhão em 2023Companhia tem 45 milhões de clientes e registrou receita de R$ 5,4 bilhões no ano passado",0
"Livelo, empresa de fidelidade de Bradesco e BB, tem lucro de R$ 1 bilhão em 2023Companhia tem 45 milhões de clientes e registrou receita de R$ 5,4 bilhões no ano passado",0
"Livelo, empresa de fidelidade de Bradesco e BB, tem lucro de R$ 1 bilhão em 2023Companhia tem 45 milhões de clientes e registrou receita de R$ 5,4 bilhões no ano passado",0
"Livelo, empresa de fidelidade de Bradesco e BB, tem lucro de R$ 1 bilhão em 2023Companhia tem 45 milhões de clientes e registrou receita de R$ 5,4 bilhões no ano passado",0
"Livelo, empresa de fidelidade de Bradesco e BB, tem lucro de R$ 1 bilhão em 2023Companhia tem 45 milhões de clientes e registrou receita de R$ 5,4 bilhões no ano passado",0
"Como o estoicismo e Sêneca inspiraram a maior assessoria financeira independente do BrasilSócio-fundador da Seneca Evercore, o economista baiano Daniel Wainstein prevê um volume recorde de M&As neste semestre",0
"Como o estoicismo e Sêneca inspiraram a maior assessoria financeira independente do BrasilSócio-fundador da Seneca Evercore, o economista baiano Daniel Wainstein prevê um volume recorde de M&As neste semestre",0
"Como o estoicismo e Sêneca inspiraram a maior assessoria financeira independente do BrasilSócio-fundador da Seneca Evercore, o economista baiano Daniel Wainstein prevê um volume recorde de M&As neste semestre",0
"Como o estoicismo e Sêneca inspiraram a maior assessoria financeira independente do BrasilSócio-fundador da Seneca Evercore, o economista baiano Daniel Wainstein prevê um volume recorde de M&As neste semestre",0
"Como o estoicismo e Sêneca inspiraram a maior assessoria financeira independente do BrasilSócio-fundador da Seneca Evercore, o economista baiano Daniel Wainstein prevê um volume recorde de M&As neste semestre",0
"Como o estoicismo e Sêneca inspiraram a maior assessoria financeira independente do BrasilSócio-fundador da Seneca Evercore, o economista baiano Daniel Wainstein prevê um volume recorde de M&As neste semestre",0
"Como o estoicismo e Sêneca inspiraram a maior assessoria financeira independente do BrasilSócio-fundador da Seneca Evercore, o economista baiano Daniel Wainstein prevê um volume recorde de M&As neste semestre",0
"Como o estoicismo e Sêneca inspiraram a maior assessoria financeira independente do BrasilSócio-fundador da Seneca Evercore, o economista baiano Daniel Wainstein prevê um volume recorde de M&As neste semestre",0
"Como o estoicismo e Sêneca inspiraram a maior assessoria financeira independente do BrasilSócio-fundador da Seneca Evercore, o economista baiano Daniel Wainstein prevê um volume recorde de M&As neste semestre",0
"Como o estoicismo e Sêneca inspiraram a maior assessoria financeira independente do BrasilSócio-fundador da Seneca Evercore, o economista baiano Daniel Wainstein prevê um volume recorde de M&As neste semestre",0
"Como o estoicismo e Sêneca inspiraram a maior assessoria financeira independente do BrasilSócio-fundador da Seneca Evercore, o economista baiano Daniel Wainstein prevê um volume recorde de M&As neste semestre",0
"Como o estoicismo e Sêneca inspiraram a maior assessoria financeira independente do BrasilSócio-fundador da Seneca Evercore, o economista baiano Daniel Wainstein prevê um volume recorde de M&As neste semestre",0
"Como o estoicismo e Sêneca inspiraram a maior assessoria financeira independente do BrasilSócio-fundador da Seneca Evercore, o economista baiano Daniel Wainstein prevê um volume recorde de M&As neste semestre",0
"Como o estoicismo e Sêneca inspiraram a maior assessoria financeira independente do BrasilSócio-fundador da Seneca Evercore, o economista baiano Daniel Wainstein prevê um volume recorde de M&As neste semestre",0
"Como o estoicismo e Sêneca inspiraram a maior assessoria financeira independente do BrasilSócio-fundador da Seneca Evercore, o economista baiano Daniel Wainstein prevê um volume recorde de M&As neste semestre",0
"Como o estoicismo e Sêneca inspiraram a maior assessoria financeira independente do BrasilSócio-fundador da Seneca Evercore, o economista baiano Daniel Wainstein prevê um volume recorde de M&As neste semestre",0
"Como o estoicismo e Sêneca inspiraram a maior assessoria financeira independente do BrasilSócio-fundador da Seneca Evercore, o economista baiano Daniel Wainstein prevê um volume recorde de M&As neste semestre",0
"Como o estoicismo e Sêneca inspiraram a maior assessoria financeira independente do BrasilSócio-fundador da Seneca Evercore, o economista baiano Daniel Wainstein prevê um volume recorde de M&As neste semestre",0
"Amazônia tem 20% dos blocos de petróleo do BrasilPlataforma pioneira mostra empresas, fase exploratória e registra o local de interesse da indústria do petróleo nos nove países amazônicos",0
"Queda das ações preferenciais da Petrobras foi a maior desde dezembro de 2022Estatal perdeu R$ 32,3 bilhões em valor de mercado no pregão de hoje, para R$ 483,4 bilhões, após anunciar que vai mandar proposta aos acionistas para reformar o estatuto social",0
Petrobras diz que Lei das Estatais permanecerá respeitada após atualização do estatuto social Empresa afirmou que a proposta de alteração no estatuto social da companhia aprovada pelo seu conselho de administração tem como objetivo manter o documento atualizado,0
"Petrobras perde mais de R$ 32 bilhões em valor de mercado após propor mudanças no estatutoNa semana passada, a companhia chegou ao maior valor de mercado em sua história, R$ 525 bilhões, impulsionada pela alta nas cotações do petróleo e os reajustes nos combustíveis",0
"Propostas da Petrobras representam retrocesso grave de governança corporativa, diz XPPara os analistas André Vidal e Helena Kelm, agora mais investidores vão questionar os fundamentos da tese de investimentos da Petrobras",0
"Proposta enviada pela Petrobras de mudança em política de indicação de administradores é negativa, diz CitiAnalista Gabriel Barra escreve que a potencial criação de uma reserva de capital não altera a política de remuneração aos acionistas da empresa, mas dá maior flexibilidade aos diretores pagarem ou não dividendos extraordinários",0
"Planejamento estratégico da Petrobras terá parcela inédita para pesquisa em transição energéticaA companhia já anunciou que irá direcionar de 6% a 15% dos investimentos para projetos de baixo carbono entre 2024 e 2028, mas ainda não especificou os ativos",0
Conselho da Petrobras aprova criação de reserva de capital e mudanças em indicação de administradoresA proposta será enviada para deliberação pelos acionistas em assembleia que será convocada futuramente,0
"Reaproximação com Bolívia vai ocorrer ""de forma mútua e gradualmente construtiva"", diz presidente da PetrobrasPrates afirmou também que a negociação envolve gás natural, fertilizantes e também energia renovável e minerais críticos",0
"Preço da gasolina recua pela oitava semana seguida nos postos, diz ANPNessas oito semanas, o recuo acumulado é de R$ 0,14 por litro; a Petrobras estima um repasse adicional de R$ 0,09 por litro após a redução do preço nas refinarias",0
"Petrobras inicia testes com equipamento para medir o potencial eólico offshore no país Ferramenta pesa 7 toneladas, tem 4 metros de diâmetro, 4 metros de altura e é alimentada por módulos de energia solar",0
"Petrobras reduz gasolina em 4,1% e sobe diesel em 6,58%Após os reajustes anunciados ontem, a gasolina acumula queda de R$ 0,27 por litro no ano, enquanto no diesel, o recuo acumulado é de R$ 0,44 por litro",0
"Governo e mercado seguem distantes na questão fiscalNo governo, acha-se bastante ‘conservadora’ a projeção da média do mercado, que estima déficit de 0,8% do PIB para 2024",0
"Reajuste de combustíveis pela Petrobras aumenta defasagem ante preços internacionaisCom o ajuste, a Ativa Investimentos destaca que o preço da gasolina precisaria subir R$ 0,30 e o do diesel R$ 0,35 para se equiparar aos níveis do mercado externo",0
"Petrobras reduz preço da gasolina e aumenta do dieselEmpresa afirmou que, em 2023, a variação dos preços de venda da gasolina e do óleo diesel acumula redução. No caso da gasolina, a queda é de R$ 0,27 por litro no ano, enquanto no diesel, o recuo acumulado é de R$ 0,44 por litro",0
"Ministério Público defende veto a projeto que institui marco temporal para demarcar terra indígenaProposta aprovada pelo Congresso é analisada por Lula, que tem até esta sexta-feira para decidir se veta ou sanciona texto",0
Levantamento aponta queda nas emissões de usinas termelétricas em 2022Redução registrada nas 72 termelétricas conectadas ao Sistema Interligado Nacional é reflexo de um período de condições climáticas favoráveis à geração hidrelétrica após a crise hídrica,0
"Lula se reúne com secretário-geral da Opep e presidente da PetrobrasEncontro irá acontecer às 10h, desta quinta-feira, no Palácio da Alvorada, já que o presidente continua se recuperando de uma cirurgia no quadril",0
"Com preços já defasados, Petrobras pode ter desafioSe alta de cotações do petróleo se sustentar, estatal se verá sob pressão para reajustar preços",0
"Decisões do STF tornam oficial a ‘lei Malan’No Brasil não há mais como dizer que o desfecho de alguma coisa é “remoto”; tudo agora é possível e, mais que nunca, provável",0
Petrobras reitera que nomeação de conselheiros se deu por critérios técnicosEmpresa se posicionou após ação popular aberta pelo deputado estadual Leonardo Siqueira (Novo-SP),0
"Refinaria da Acelen tem vazamento de gás e funcionários hospitalizadosO vazamento ocorreu com o descarregamento de hipoclorito de uma carreta para um tanque, na unidade 52 da Acelen",0
"Petrobras assina contrato de dez anos com a Excelerate Energy para afretamento de navioDesde 2012, a Excelerate fornece serviços de regaseificação no Brasil a partir dos terminais de importação de GNL da Petrobras",0
Petrobras tem recorde de processamento de gás natural do pré-sal em setembroPrincipais responsáveis pela produção foram as unidades de Caraguatatuba e de Cabiúnas,0
"Petrobras discute no Carf cobranças de R$ 9 biQuatro de oito conselheiros da 3ª Turma já votaram, pela manutenção da autuação fiscal",0
Lubrax vai triplicar produção em busca da liderançaVibra Energia investirá R$ 100 milhões em uma nova unidade para elevar a capacidade de produção para 300 milhões de litros de óleo lubrificante por ano,0
Petrobras tem recordes de produção de óleo e gás no mês e no trimestreMenor número de paradas para manutenção das plataformas foi um fator citado pela estatal como responsável pela alta no período,0
"Privatização da Emae atrai grandes gruposEstatal paulista deve ir a leilão até início de 2024; com 39% da estatal, Eletrobras estuda tanto a compra do controle como a venda de sua participação",0
"Ministro diz que TotalEnergies investirá R$ 500 bilhões no Brasil até 2026Atualmente, a empresa é a terceira maior produtora no Brasil, com uma produção diária média de 138 mil barris de petróleo e mais de 5,9 milhões m³ de gás natural",0
"Petrobras promete 'lotar estaleiros', mas não há consenso sobre ritmo das encomendasNa gestão petista, a empresa prometeu encomendar petroleiros, embarcações de apoio à produção de petróleo em alto mar, equipamentos para plataformas e desmantelar plataformas que chegaram ao fim da vida útil",0
"Preço baixo de energia elétrica trava mais de R$ 10 bilhões em fusões e aquisiçõesDemanda estagnada, sobreoferta de energia e reservatórios cheios deixaram as operações em estado de espera",0
"‘Estão nos privando de nova matriz econômica’, diz governador do Amapá sobre Margem Equatorial“Não nos permitem sequer pesquisar se nosso litoral tem ou não petróleo e gás”, disse Luis, em evento promovido pelo BNDES no Rio de Janeiro",0
"Marcelo Claure compra fatia e vira sócio na gestora EB CapitalA empresa, com sede em São Paulo, tem R$ 5 bilhões sob gestão e um portfólio de empresas em setores que incluem saúde, educação, energia verde e telecomunicações.",0
"BNDES estará com Petrobras na Margem Equatorial, diz MercadanteEm seminário sobre transição energética na sede da instituição, no Rio de Janeiro, ele disse que o banco pode vir a financiar fornecedores da petrolífera",0
"Para Mercadante, Petrobras não pode ser só ‘vaca leiteira’ de dividendosSegundo presidente do BNDES, a empresa tem papel fundamental no financiamento da transição e pode contribuir para que o Brasil seja o primeiro país do G20 a zerar as emissões de carbono",0
Os 50 anos do primeiro choque do petróleoEnergias renováveis são parte da sobrevivência do mundo,0
" Retrospectiva 2023: Moda buscou segurança em números realistas e estilo comportadoPassada euforia do pós-pandemia, setor  prova que toda euforia, estética ou mercadológica, tem prazo de validade ",0
"Vendas de Natal decepcionam e indicam quedaPrincipal data do comércio no ano volta aos resultados negativos, após dois anos com crescimento",0
Famílias japonesas trocam dinheiro guardado por investimento em ações e títulos,0
Apple aumenta a produção de novo óculos de realidade mista,0
Cotação de diamante natural cai ao patamar mais baixo em 14 anos nos EUA e na China,0
"Anace vê necessidade de mais clareza legal e regulatória na abertura do mercado de energia elétricaAmbiente permite a escolha do fornecedor da eletricidade, bem como as condições contratuais",0
Empréstimo sem garantia ao consumidor coloca sistema bancário indiano sob risco,0
"Presidente do BC diz que não pode falar muito sobre rotativo: ‘tem um voto do CMN muito em breve’“Teve uma lei”, disse em entrevista sobre o relatório trimestral de inflação, referindo-se ao Desenrola",0
Natal termina mais cedo para exportadores chineses com queda na demanda ocidental,0
"Assaí inicia oferta de R$ 800 milhões em debênturesOs títulos foram emitidos em duas séries, com prazo de quatro e cinco anos, e destinação dos recursos será para “usos gerais”",0
"Próximos capítulos ainda reservam emoçõesAté agora, ninguém foi punido pela maior fraude contábil da história corporativa brasileira",0
Fazenda vê ‘pequena contração’ da atividadeRetração no quarto trimestre ‘já era esperada’ e deve aparecer na ‘prévia do PIB’ do Banco Central,0
"Investidores de CRI da Casas Bahia decidem não antecipar vencimento de dívida pela segunda vez no anoEm contrapartida, a varejista pagará um prêmio flat equivalente a 0,1% sobre o saldo do valor dos títulos acrescido de uma remuneração ",0
"Mercado Livre pode dar nome ao Estádio do Pacaembu, em São PauloO São Paulo Futebol Clube também deve anunciar um acordo de 'naming rights' com a fabricante de alimentos Mondelez para o Estádio do Morumbi",0
"IGP-10 tem maior deflação anual desde o Plano Real, diz FGVSegundo economista André Braz, produtos agrícolas mais baratos foram os grandes responsáveis pelo resultado",0
Faltam definições no pacote de ajuste fiscal de MileiMedidas anunciadas foram antecedidas por remarcação geral de preços no varejo,0
Obstáculos no governo LulaA reduzida influência do governo perante parte substancial de parlamentares tornou a negociação da reforma tributária mais suscetível à concessão de privilégios injustificáveis,0
"Black Friday ajuda a segurar inflação de novembro, diz IBGERedução de preço foi verificada em itens como perfumes, roupas, computadores e aparelhos de telefone",0
"Generali faz parceria com varejista Novo Mundo para seguro petA assistência abrange serviços como consulta veterinária, transporte do pet em emergências, agendamento de vacina em domicílio e serviço de leva e traz",0
"Shein abre loja temporária nesta sexta-feira; veja onde e como comprarEstarão à venda 11 mil peças, das quais 5 mil fabricadas no Brasil. ",0
Divisão da Energisa dará início ao negócio de biometano do grupoEmpresa pretende colocar em operação usina localizada em Campos Novos com capacidade de processar 25 mil m3/dia de gás renovável,0
Chinesa inaugura loja temporária no Rio e mira crescimento no BrasilUnidade vai funcionar dos dias 15 a 18 de dezembro com oferta de 11 mil peças de vestuário,0
"Argentinos fazem estoques de produtos para driblar a estagflação propagada por MileiMoradores de Buenos Aires recorrem a varejistas e atacadistas para se abastecer de produtos não perecíveis, como forma de driblar a fúria da alta de preços que deve ocorrer após a posse de Milei",0
"O tripé que sustenta o sucesso da Arezzo, segundo Anderson BirmanO fundador do grupo acaba de lançar sua autobiografia e cita look, conforto e segurança",0
"Com Captalys, Polígono projeta R$ 30 bi sob gestão em até 5 anosJoint venture entre BTG Pactual e Prisma, especializada em investimentos alternativos, assumiu 35 FDICs da gestora",0
"Americanas desliga mais de 5.000 funcionários em uma semanaA empresa diz que seu quadro de funcionários é sazonal e varia conforme as datas comemorativas como Páscoa, Black Friday e Natal",0
"Após acusação da Febraban, ‘maquininhas’ dizem que ‘bancões’ tentam atingir empresas independentesNa visão da associação de credenciadoras, grandes bancos têm sido ""sistematicamente derrotados em sua tentativa de restringir significativamente” o parcelado sem juros no cartão",0
"Diesel tira 0,28 ponto percentual da inflação do atacado, mas não afeta IPCA, diz FGV IbreEspecialista da fundação explicou que o combustível representa quase 4% do total do Índice de Preços ao Produtor Amplo e qualquer mudança no seu preço afeta a evolução de preços no atacado ",0
Resistência de senadores atrasa apresentação de parecer à MP das subvençõesRelatório do deputado Luiz Fernando Faria (PSD-MG) deve ficar para a próxima semana,0
Empresas se manifestam contra e relator adia relatório da medida provisória das subvençõesDeputado Luiz Fernando Faria (PSD-MG) ainda negocia mudanças no projeto com o setor produtivo e com o governo,0
"Bram capta R$ 193 milhões em seu primeiro Fiagro, abaixo do previstoPlano inicial era levantar até R$ 320 milhões",0
"Rio automatiza ressarcimento de créditos de ICMSAntes, as solicitações de créditos de ICMS eram processadas manualmente e levavam dois anos para serem concluídas",0
Tereos entra no segmento varejista do mercado livre de energiaA companhia tem potencial para produzir cerca de 1.500 gigawatt-hora (GWh) por ano de energia excedente para o sistema elétrico,0
"O elefante (poluente) na sala da COPGovernos temem uma revolta dos cidadãos se os preços de energia subirem, mas, ainda assim, é possível mudar",0
"Fazenda diz que 3,5 milhões de brasileiros renegociaram dívidas com DesenrolaSão mais de R$ 27 bilhões em dívidas renegociadas, em pouco mais de quatro meses de programa, diz a pasta",0
"Tudo conectadoBrasil tem cerca de 156 milhões de usuários da rede, que passam mais de 9,5 horas por dia em frente às telas",0
"Empresas perdem no STF disputa bilionária sobre Difal do ICMSPor maioria de votos, ministros deram razão aos Estados e decidiram que cobrança do diferencial de alíquotas vale desde abril de 2022",0
Justiça bloqueia três 'fundos cripto' e afasta Titanium Asset da gestãoDecisão tem caráter temporário e vale enquanto a Polícia Federal investiga um suposto esquema de pirâmide,0
"Multimercado frustra em bater CDI e perde recursosResgates líquidos somam R$ 87,5 bi; mudanças na regulação e taxação de veículos fechados são golpe adicional",0
Corte de custos garante fôlego no trimestreCompanhias apertam os cintos outra vez e têm ganho operacional apesar de receita menor,0
"Fundos multimercados têm outro ano negativoNo ano, até outubro, os multimercados tiveram resgates líquidos de R$ 64,8 bilhões; incluindo as saídas de novembro, até o dia 23, de R$ 18,5 bilhões, a conta já é negativa em R$ 87,5 bilhões",0
"Walkiria Marchetti, diretora-executiva do Bradesco, antecipa aposentadoria e sai do bancoMarchetti era a única mulher na diretoria-executiva do Bradesco desde agosto, quando Glaucimar Peticov, que cuidava, entre outras coisas, de recursos humanos, pediu demissão",0
"Tentativas de fraude somam R$ 1,3 milhão nas primeiras 12 horas da Cyber MondaySegundo levantamento da ClearSale, as principais categorias afetadas foram: eletrodomésticos (3,8%), celulares (2,1%), eletrônicos (1,3%), bebidas (1,2%) e ferramentas (1,1%).",0
"Lula viaja em meio à crescente insatisfação de parlamentaresPresidente ficará 9 dias fora do país, para participar da COP 28 em Dubai; deputados e senadores reclamam de acordos não cumpridos",0
CPTM prevê função de planejar e fiscalizar após concessõesEstatal diz que não acabará por conta das concessões e busca ampliar receitas não tarifárias,0
"Consumidores de experiências dão tom de época de festas nos EUAConhecido como YOLO, grupo mantém espírito de ""só se vive uma vez"" que surgiu durante a pandemia",0
"Bradesco troca comando sob o desafio de se reinventarMarcelo Noronha assume presidência do banco no lugar de Octavio de Lazari Jr., que irá para o conselho de administração",0
"Medida de maior poder arrecadatório ainda está no CongressoFato de o governo aumentar a projeção de déficit primário deste ano não dificulta nem inviabiliza, na visão da área econômica, a meta zero para 2024",0
"Black Friday 2023: 67% dos brasileiros aproveitarão promoções este anoLevantamento da camara-e.net prevê crescimento de 5% nas vendas do varejo, no período promocional deste ano",0
"Exclusivo: L Catterton negocia aporte de R$ 1 bilhão na Inspira, rede de colégios controlada pelo BTGO cheque deve ser assinado na próxima semana e os recursos serão usados para expansão do grupo escolar fundado há cinco anos, segundo o Valor apurou",0
Bradesco muda comando após ano difícilMarcelo Noronha substitui Octavio de Lazari Jr.,0
Black Friday ou Black Fraude? Estes sites tiram a sua dúvidaEspecialistas explicam quando os descontos realmente valem a pena e como os comparadores de preço funcionam,0
"Deputados ameaçam votar projeto que derruba portaria sobre trabalho aos domingos e feriadosEm reunião com Alexandre Padilha, parlamentares dizem que votação ocorre ainda nesta quarta se governo não rever mudanças",0
Trabalhadores dos Correios anunciam greve na Black Friday em Tocantins; São Paulo e Rio avaliamSindicato alega inconsistências em acordos coletivos de trabalho firmados com a estatal em 2023-2024,0
"Ar-condicionado será destaque na Black Friday, mas desconto promete ser pequenoA pesquisa anual do Ibevar aponta que o ar-condicionado aparece entre os dez produtos mais procurados pelos consumidores neste período de promoções",0
Banco Safra questiona na Justiça assembleia da Americanas para acordo com credores,0
"Marca do grupo Arezzo, Anacapri terá  megaloja de R$ 10 milhões na Oscar Freire “Flagship” ocupará um imóvel de quatro andares, incluindo o novo centro de distribuição no subsolo, abrangendo uma área de 1.600 metros quadrados",0
"Como achar produtos de luxo na Black FridayPerfumes, grifes com desconto duplicado e peças assinadas são oferecidas na temporada de promoções",0
"Quase a metade dos brasileiros consome produtos especializados para afrodescendentesDe acordo com pesquisa feita pela NielsenIQ, a venda de produtos voltados para afrodescendentes cresceu, em unidades, quase cinco vezes mais do que a de itens destinados ao público em geral",0
"CPIs contribuem pouco para a criação de novas leisApesar da promessa de mudanças que previnam a repetição de crimes, só 5% dos projetos apresentados viraram norma jurídica",0
"Desenrola passa a renegociar dívidas de até R$ 20 milA Faixa 1 abrange dívidas bancárias, como cartão de crédito, e as contas atrasadas de outros setores, como energia, água e comércio varejista",0
"Inflação na Argentina na segunda semana de novembro foi de 2,2%, diz governo Foram impactados por aumentos de preço acima da média o item alimentos e bebidas em armazém, frutas, carnes e alimentos regulados ",0
"FT: Montadoras elevam descontos para conter queda na venda de carro elétricoDados de vendas e financeiros compilados pelo HSBC mostram que, pela primeira vez, as montadoras têm de fazer promoções para vender modelos a bateria que, antes, tinham listas de espera de vários meses",0
Grandes fundos dos EUA vendem Alibaba e Apple para reduzir exposição à China,0
"Americanas tem o maior passivo a descoberto entre empresas de capital abertoApenas a Samarco Mineração, de capital fechado, possui um passivo a descoberto maior do que a Americanas",0
"Da CPI à abstenção em auditoria: atrito entre PwC e Americanas levou a contratação da BDO RCSDivergências ganharam peso quando o diretor-presidente da Americanas, Leonardo Coelho, apresentou documentos de auditoria na CPI e sugeriu que PwC e KPMG teriam participado da fraude contábil",0
"Americanas não pensa em se desfazer da fintech AmeOs executivos afirmam que a auditoria da Ame não foi concluída a tempo de ser incluída na apresentação de resultados, mas que não há irregularidades nas operações da fintech",0
"Passivo a descoberto de R$ 26,7 bi da Americanas será revertido com aumento de capital, diz diretoraAlém do rombo de R$ 20,2 bilhões, houve um impacto negativo de R$ 2,5 bilhões referentes a uma baixa de impostos e de R$ 6,9 bilhões em operações de depreciação (“impairment”)",0
"Em primeiro ‘Investor Day’, Stone promete entregar rentabilidadeEm pagamentos, a Stone espera continuar ganhando participação de mercado no segmento escolhido como prioritário, de micro, pequenas e médias empresas",0
Marisa adia divulgação de resultado do 3º tri para terça-feiraCompanhia afirma que o adiamento aconteceu em razão da finalização de procedimentos contábeis relativos à reestruturação societária do braço financeiro,0
"Dimon se junta a outros altos executivos ao vender suas açõesA recusa de Dimon em vender até agora remonta à época em que Sandy Weill, seu mentor no início da carreira, dominava Wall Street e instigava um “juramento de sangue”",0
Moda ‘atemporal’O descompasso entre o lançamento de coleções de inverno e verão e os números efetivamente marcados nos termômetros levou o Grupo Soma a rever sua distribuição,0
"O que a Enel precisa fazer para recuperar a imagem junto a milhões de clientesEspecialistas dizem que para recuperar a reputação de uma empresa, com milhões de clientes, o maior desafio é criar uma relação transparente e de aproximação com o público",0
"A onda do carro elétrico chinês se espalhaCom qualidade e tecnologia, novas marcas superaram a desconfiança dos consumidores",0
"Prejuízo da C&A cai 28% no 3º trimestreJá a receita líquida total da companhia cresceu 9,6% no período, para R$ 1,54 bilhão ",0
Por que a moda da década tem um quê de BrasilEstilistas criam tendência a partir da exaustão coletiva da recente montanha-russa de estilos,0
RBR compra fatia do Eldorado por R$ 110 milhões,0
"Venda de carros aumenta, mas consumidores somemLocadoras embalam o ritmo das linhas de montagem",0
"Grupo Soma, dono da Hering, tem lucro de R$ 98 milhões no 3º trimestreValor representa queda de 3,2% em relação ao lucro anotado no mesmo período do ano passado",0
"IGP-DI tem maior taxa em 16 meses, mas deve fechar 2023 negativo, diz FGVSegundo André Braz, economista da FGV, o avanço do indicador em outubro não impedirá que a taxa anual encerre negativa pela primeira vez em seis anos",0
"Galactic capta R$ 30,5 milhões para ampliar operação cripto na América LatinaA rodada foi liderada pela Galaxy Interactive e pela DragonFly, tendo ainda a  participação da SHK",0
"Outubro foi 2º melhor mês em vendas de veículos este ano, aponta AnfaveaForam licenciados 217,8 mil carros, comerciais leves, caminhões e ônibus, o que representou um aumento de 20,4% em relação ao mesmo mês do ano passado",0
"BTG Pactual tem lucro líquido ajustado de R$ 2,73 bi no 3º tri, alta anual de 18,8% Banco obteve novo recorde de receitas no período",0
